INSERT INTO Physician VALUES  (001, "John Smith", "Senior", 111111111);
INSERT INTO Physician VALUES  (002, "Hank McCoy", "Chief of Medicine", 222222222);
INSERT INTO Physician VALUES  (003, "Stephen Strange", "Surgeon", 333333333);
INSERT INTO Physician VALUES  (004, "Otto Octavious", "Intern", 444444444);
INSERT INTO Physician VALUES  (005, "Leonard Skivorski", "Psychiatrist", 555555555);
INSERT INTO Department VALUES (100, "General Medicine", 001);
INSERT INTO Department VALUES (200, "Surgery", 002);
INSERT INTO Department VALUES (300, "Psychiatry", 005);
INSERT INTO AffiliatedWith VALUES (001, 200);
INSERT INTO AffiliatedWith VALUES (002, 100);
INSERT INTO AffiliatedWith VALUES (003, 200);
INSERT INTO AffiliatedWith VALUES (004, 100);
INSERT INTO AffiliatedWith VALUES (005, 300);
INSERT INTO `Procedure` VALUES (123, "Appendectomy", 2340.98);
INSERT INTO `Procedure` VALUES (234, "Physical Exam", 200.99);
INSERT INTO `Procedure` VALUES (345, "Sleep Study", 568.30);
INSERT INTO `Procedure` VALUES (456, "Psych Evaluation", 700.00);
INSERT INTO Patient VALUES (00001, 123098121, "Huw Russell", "608 Blackburn St, Geneva, IL 60134", "1994-12-12", "903-458-1314", 954321, 001);
INSERT INTO Patient VALUES (00132, 348390545, "Safiya Neal", "910 Border Dr, Crystal Lake, IL 60014", "2004-11-27", "318-737-8514", 956743, 003);
INSERT INTO Patient VALUES (00020, 908123891, "Warren Buckley", "53 Shub Farm St, Perrysburg, OH 43551", "1987-01-07", "818-534-1840", 953201, 002);
INSERT INTO Patient VALUES (01099, 091823144, "Caspar Austin", "8 Wood Lane, Chaska, MN 55318", "1998-08-09", "424-996-1968", 958633, 001);
INSERT INTO Patient VALUES (10972, 812347812, "Jay Gonzalez", "297 Cambridge Drive, Martinsville, VA 24112", "1986-03-27", "818-334-8107", 959855, 004);
INSERT INTO Nurse VALUES (010, "Deborah Solomon", "Head Nurse", 651981356);
INSERT INTO Nurse VALUES (020, "Madeline Rice", "Nurse", 976131552);
INSERT INTO Nurse VALUES (030, "Jamie Wilkinson", "Nurse", 798465163);
INSERT INTO Nurse VALUES (040, "Celine Jimenez", "Nurse", 849513511);
INSERT INTO Medication VALUES (65543, "Adderall");
INSERT INTO Medication VALUES (65199, "Lamictol");
INSERT INTO Medication VALUES (98225, "Oxycodone");
INSERT INTO Medication VALUES (65461, "Walbutrin");
INSERT INTO Medication VALUES (65431, "Ambien");
INSERT INTO Prescribes VALUES (003, 00001, 98225, "2023-02-20", "20mg");
INSERT INTO Prescribes VALUES (001, 00020, 65461, "2023-01-02", "400mg");
INSERT INTO Prescribes VALUES (005, 00132, 65543, "2023-02-06", "50mg");
INSERT INTO Prescribes VALUES (005, 10972, 65199, "2023-02-05", "200mg");
INSERT INTO Room VALUES (0001, "Single");
INSERT INTO Room VALUES (0002, "Single");
INSERT INTO Room VALUES (0003, "Double");
INSERT INTO Room VALUES (0004, "Double");
INSERT INTO Room VALUES (0005, "Double");
INSERT INTO Stay VALUES (91111, 00001, 0001, "2023-02-18", "2023-02-20");
INSERT INTO Stay VALUES (94441, 10972, 0004, "2023-02-03", "2023-02-05");
INSERT INTO Stay VALUES (92111, 00132, 0004, "2023-02-02", "2023-02-06");
INSERT INTO Stay VALUES (95120, 00020, 0003, "2023-12-02", "2023-01-06");
INSERT INTO Stay VALUES (98102, 01099, 0003, "2023-01-02", "2023-02-01");
INSERT INTO Undergoes VALUES (00001, 123, 91111, "2023-02-18", 003, 010);
INSERT INTO Undergoes VALUES (00132, 345, 92111, "2023-02-03", 005, 030);
INSERT INTO Undergoes VALUES (10972, 456, 94441, "2023-01-02", 005, 040);
INSERT INTO OnCall VALUES (020, "2023-02-01", "2023-02-07");
INSERT INTO OnCall VALUES (030, "2023-02-08", "2023-02-14");
INSERT INTO OnCall VALUES (020, "2023-02-15", "2023-02-21");
INSERT INTO Appointment VALUES (000001, 00020, 020, 001, "2023-02-12 11:00:00", "2023-02-12 12:30:00");
INSERT INTO Appointment VALUES (000002, 01099, 040, 004, "2023-02-24 12:00:00", "2023-02-24 13:00:00");
INSERT INTO Appointment VALUES (000003, 00132, 030, 005, "2023-01-02 09:00:00", "2023-01-02 11:00:00");